標題,視點主角,內文,選擇1內文,選擇1效果,選擇1故事內文,選擇2內文,選擇2效果,選擇2故事內文,選擇3內文,選擇3效果,選擇3故事內文
弟弟哭泣考試在即,弟弟,我坐在地上哭，哥哥明天要考試，爸媽都在忙，我好想要人陪。,要爸爸來哄我,和諧+ 情緒+ 希望-,爸爸放下工作抱起我，我破涕為笑，但他半夜還在加班。,媽媽來哄我,和諧+ 情緒- 希望0,媽媽溫柔拍拍我，我不哭了，但她累得腰都直不起來。,哥哥戴耳機不理我,和諧- 情緒- 希望+,哥哥繼續讀書，我哭更大聲，全家氣氛變得好緊繃。
媽媽做的菜難吃,媽媽,我端上新菜，自己嚐了一口發現味道不對，但花了一下午，我好希望大家喜歡。,爸爸開心吃完誇我,和諧+ 情緒+ 希望-,爸爸大口吃完還說好吃，我超開心，但他其實喝了好多水。,孩子說「我吃飽了」,和諧- 情緒- 希望0,孩子放下筷子說吃飽了，我愣住，餐桌瞬間好安靜。,我自己倒掉重做,和諧+ 情緒- 希望-,我默默端回廚房重做，大家等了半小時，新菜終於能吃了。
繼承生意或追夢,爸爸,我希望兒子接手店鋪，但他有自己的夢想，我不知該支持還是堅持。,我支持他追夢,希望+ 情緒+ 和諧-,我拍著兒子的肩說「去吧」，他眼眶紅了，但我轉身時嘆了口氣。,我要求他先試一年,和諧+ 情緒- 希望-,我要求他試一年，他勉強答應，但眼神裡沒有光。,兒子提出折中方案,和諧+ 希望+ 情緒-,他說邊做邊學，全家都鬆口氣，但我看得出他壓力很大。
郊遊 vs 朋友比賽,姐姐,我約了朋友比賽，但全家計劃郊遊，我左右為難。,我推掉比賽陪家人,和諧+ 情緒+ 希望-,我打電話跟朋友道歉，爸媽很開心，但整路我都沒什麼精神。,爸爸支持我去比賽,情緒+ 和諧- 希望0,爸爸說「去吧」，我衝去比賽，但回家時媽媽表情不太對。,媽媽提議上午比賽下午郊遊,和諧+ 希望+ 情緒-,媽媽想出折中，我們趕場趕得好累，但至少都沒錯過。
奶奶住院與畢業設計,媽媽,婆婆住院，孩子畢業設計緊張，我和丈夫都累垮了。,我白天陪護晚上幫孩子,和諧+ 情緒+ 希望-,我兩頭跑，晚上還幫孩子改論文，結果自己累到感冒。,我專心陪護讓孩子自己應對,和諧+ 希望- 情緒0,我專心照顧婆婆，孩子自己熬夜趕論文，兩個人都很憔悴。,我求助其他親戚,希望+ 和諧- 情緒0,我請堂妹幫忙分擔，大家壓力輕一些，但婆婆說還是習慣我照顧。
妹妹弄壞心愛之物,姐姐,我的限量玩具被妹妹摔壞，我氣到發抖。,我嚴厲罵妹妹,希望+ 和諧- 情緒-,我大罵妹妹，她大哭，爸媽跑來調解，全家亂成一團。,媽媽安撫我並說會修好,和諧+ 情緒+ 希望-,媽媽抱住我說會想辦法，我氣消了，但玩具真的修不回來。,爸爸各打五十大板,和諧- 情緒- 希望0,爸爸說我們都有錯，我和妹妹都不服，冷戰了一整天。
爸爸生日 vs 換手機,爸爸,我生日快到了，孩子好像有心事，我猜不透。,我暗示孩子不用買禮物,和諧+ 情緒- 希望0,我說「不用買」，孩子愣了一下，但我知道他手頭緊。,我直接說想要新工具,希望+ 和諧- 情緒0,我說想要一套新扳手，孩子點點頭，但表情有點為難。,我假裝不在意,和諧- 情緒- 希望0,我笑笑說「隨便」，孩子鬆口氣，但我心裡有點失落。
搶電視：球賽 vs 劇,爸爸,我剛打開球賽，妻子就拿遙控器換到連續劇。,我讓給她,和諧+ 情緒+ 希望-,我把遙控器遞給妻子，自己回房用手機看，她開心追劇。,我搶回遙控器,希望+ 和諧- 情緒0,我搶回來看球，妻子不高興，轉身去廚房。,我提議回看功能,和諧+ 希望+ 情緒-,我提議先看劇再看球賽回放，她答應了，但我們看到很晚。
發現哥哥抽煙,弟弟,我撞見哥哥在陽台抽煙，他求我保密，我好猶豫。,爸爸當面訓斥哥哥,希望+ 和諧- 情緒-,爸爸大罵哥哥，哥哥低頭不語，媽媽在旁邊一直嘆氣。,爸爸私下找哥哥談心,和諧+ 希望+ 情緒-,爸爸把哥哥叫去陽台，兩人談了很久，哥哥說他會戒。,媽媽悄悄把煙收走,和諧+ 情緒- 希望0,媽媽趁哥哥睡覺時收走香煙，哥哥醒來後臉色好難看。
媽媽安排相親,媽媽,我幫孩子安排了相親，但孩子完全不想去。,我直接取消見面,情緒+ 和諧- 希望0,我打電話取消，孩子鬆口氣，但我嘆氣的聲音好大。,我強制孩子去,和諧+ 情緒- 希望-,我堅持要他去，他勉強去了，但回來後一整天不說話。,我讓孩子自己決定,希望+ 和諧- 情緒0,我說「你自己選吧」，孩子愣住，然後說「我不去」。
弟弟被欺負,弟弟,我在學校被欺負，哭著回家，求大家別說出去。,爸爸去學校找老師,希望+ 和諧- 情緒0,爸爸衝去學校，對方道歉了，但同學都說我愛告狀。,哥哥每天陪我上下學,和諧+ 情緒+ 希望-,哥哥每天接送我，沒人再欺負我，但他社團都不能去了。,媽媽偷偷聯繫老師,和諧+ 希望+ 情緒-,媽媽瞞著我打電話給老師，問題解決了，但我氣媽媽騙我。
外地高薪工作,爸爸,孩子拿到外地大廠的offer，我既驕傲又不捨。,我支持他去,希望+ 情緒+ 和諧-,我說「去吧」，孩子充滿信心，但妻子轉頭偷偷擦眼淚。,我勸他留在本地,和諧+ 希望- 情緒-,我說「留在身邊吧」，孩子猶豫了，但我知道他會遺憾。,我讓他先試一年,和諧+ 希望+ 情緒-,我說「先試一年，不行再回來」，他答應了，但多了牽掛。
媽媽看中貴衣服,爸爸,妻子看中一件大衣，但最近家裡開支緊。,我咬牙買下送她,和諧+ 情緒+ 希望-,我掏錢買了，她好開心，但月底連看電影的錢都沒了。,我勸她等打折,希望+ 情緒- 和諧0,我說「等打折再買」，她點點頭，但走過櫥窗時還是回頭看了好幾眼。,我直接說太貴了,和諧- 情緒- 希望0,我說「現在沒錢」，她沒說話，默默走開了。
考研失敗,媽媽,孩子考研失利，垂頭喪氣，我好心疼。,我做美食安慰他,和諧+ 情緒+ 希望-,我做了一桌他愛吃的，他勉強笑了笑，但還是心事重重。,我幫他找調劑學校,希望+ 情緒- 和諧0,我四處打聽調劑資訊，他不太願意，但還是配合著填了資料。,我建議他先休息,情緒+ 和諧- 希望0,我說「先休息一陣子」，他鬆了口氣，但我知道他心裡還是不甘。
客人來訪與遊戲,姐姐,我正聯機打遊戲，客人快到了，媽媽催我收拾客廳。,我立刻暫停去收拾,和諧+ 情緒- 希望0,我關掉遊戲開始收拾，客人準時到，但我的隊友大概氣炸了。,媽媽自己動手收拾,和諧+ 情緒- 希望0,媽媽嘆口氣自己收拾，我繼續打，但她忙得滿頭大汗。,爸爸大聲命令我收,希望+ 和諧- 情緒-,爸爸吼我，我嚇得關機，但父子間的氣氛變得好僵。
爸爸教修車沒興趣,姐姐,爸爸想教我修車，但我完全沒有興趣。,爸爸硬拉著我學完,和諧+ 希望+ 情緒-,爸爸教了兩小時，我勉強學會換機油，但全程臉都很臭。,我直接說沒興趣,情緒+ 和諧- 希望0,我說「我不想學」，爸爸愣住，默默把工具箱收起來。,媽媽幫我說話,情緒+ 和諧- 希望0,媽媽說「算了」，爸爸不說話，轉身走進屋裡。
發現爸媽吵架,姐姐,我聽到爸媽在吵架，站在門口，不知道該怎麼辦。,爸爸主動跟我解釋,和諧+ 希望+ 情緒-,爸爸深吸口氣說「我們只是意見不合」，我似懂非懂點點頭。,媽媽抱住我說沒事,和諧+ 情緒+ 希望-,媽媽蹲下來抱緊我，我稍微安心，但他們之間還是不說話。,我躲進房間戴耳機,和諧- 情緒- 希望0,我快步回房間把音樂開到最大，但眼淚還是掉了下來。
假期旅行意見不合,爸爸,我想去爬山，妻子想海邊，孩子想遊樂場。,我們投票決定,希望+ 和諧- 情緒0,全家投票，妻子贏了，我和孩子只好聳聳肩接受。,我讓步,和諧+ 希望- 情緒0,我說「去海邊吧」，她們都笑了，但我默默收起了登山杖。,孩子說「隨便」,和諧- 情緒- 希望0,孩子說「隨便你們」就回房間，我們面面相覷，氣氛瞬間冷了。
發現父母變老,媽媽,我照鏡子看到白髮和皺紋，突然覺得自己老了。,我笑著給孩子看舊照片,和諧+ 情緒+ 希望-,我搬出三大本相冊，我們在客廳坐了一整個下午，好開心。,我拉丈夫一起回憶,和諧+ 希望+ 情緒-,我拉著丈夫講年輕時的事，孩子在一旁聽得津津有味。,我自己感嘆歲月，沉默,和諧- 情緒- 希望0,我摸著白髮沉默了好久，孩子不知道該說什麼。
成立小家庭父母盼歸,姐姐,我有了自己的小家，爸媽總盼著我回去，但工作很忙。,我每週帶伴侶回家,和諧+ 情緒- 希望-,我每週日回家吃飯，爸媽總是大費周章，但我們來回奔波好累。,爸媽主動來看我,和諧+ 情緒+ 希望-,爸媽帶了一堆菜來我家，我好驚喜，但房間變得好擠。,我接爸媽來同住,和諧+ 情緒+ 希望-,我把客房整理出來，三代同堂很溫馨，但生活習慣開始出現摩擦。
